{
  "base": {
    "perplexity": 45.312509600321455,
    "similarity": 0.0964680645344509
  },
  "tuned": {
    "perplexity": 7.523328518867492,
    "similarity": 0.25874714689836564
  }
}